{"antiai_scores": [0.999518996477127, 0.9995773941278457, 0.9992964744567872, 0.9993971705436706, 0.9993011504411697, 0.9995461493730545, 0.9992035776376724, 0.9991710036993027, 0.999311912059784, 0.9994992822408676, 0.9991213917732239, 0.9994695633649826, 0.9995641976594924, 0.9994056314229965, 0.9996191769838333, 0.999583849310875, 0.9996010065078735, 0.9994490385055542, 0.9995266526937485, 0.999467334151268], "proai_scores": [0.9991546243429184, 0.9996053099632263, 0.9994646936655045, 0.9993910014629364, 0.999493420124054, 0.9989666491746902, 0.9995549947023392, 0.9993185132741929, 0.9994647145271301, 0.9993569552898407, 0.9994685292243958, 0.9996555864810943, 0.9994966238737106, 0.99958815574646, 0.9993570029735566, 0.9994425773620605, 0.9995687901973724, 0.999515813589096, 0.9994647115468979, 0.9994115054607391]}