{"antiai_scores": [0.9996643662452698, 0.9996322274208069, 0.999688658118248, 0.9996071279048919, 0.9997611969709397, 0.9996616184711457, 0.999784791469574, 0.9996165424585343, 0.9997144162654876, 0.9997239440679551, 0.9996753960847855, 0.9997174739837646, 0.999742865562439, 0.9997263491153717, 0.9997100412845612, 0.9998055428266526, 0.9997452765703201, 0.9997246950864792, 0.9995915740728378, 0.9997272104024887], "proai_scores": [0.9996827155351639, 0.9997190922498703, 0.9997764945030212, 0.9996653616428375, 0.951545062661171, 0.9997578471899032, 0.9997372180223465, 0.999620309472084, 0.9997076451778412, 0.9997498691082001, 0.999734815955162, 0.9997353672981262, 0.9996898591518402, 0.9997361570596695, 0.9997419387102127, 0.9997013688087464, 0.999676302075386, 0.9996751755475998, 0.9982369005680084, 0.9997539609670639]}