{"antiai_scores": [0.9992427587509155, 0.9992015480995178, 0.9994953364133835, 0.9990261018276214, 0.9990661919116974, 0.9961408138275146, 0.9972417086362839, 0.9987293213605881, 0.9987225025892258, 0.9407109498977662, 0.998425903916359, 0.9965909987688064, 0.9989489614963531, 0.9975345641374588, 0.999177771806717, 0.9993142515420914, 0.998431819677353, 0.9977020025253296, 0.9979462563991547, 0.9987089991569519], "proai_scores": [0.9990960091352463, 0.9993400692939758, 0.8502197980880737, 0.9988102376461029, 0.9488143891096115, 0.9986996859312057, 0.9490522652864456, 0.9955671995878219, 0.9971967816352845, 0.9968135863542557, 0.9485313177108765, 0.999169585108757, 0.9524098753929138, 0.9983249753713608, 0.9989007174968719, 0.9991974145174026, 0.9990631610155105, 0.9991176962852478, 0.8259254306554794, 0.999459370970726]}