{"antiai_scores": [0.8149999999999998, 0.8100000000000002, 0.8335000000000001, 0.7925000000000001, 0.8100000000000002, 0.8135, 0.8000000000000002, 0.8165000000000001, 0.8075000000000001, 0.8099999999999999, 0.78, 0.7775, 0.7925000000000001, 0.8250000000000002, 0.8025000000000002, 0.8175000000000001, 0.7875000000000002, 0.7865000000000001, 0.8250000000000002, 0.8275], "proai_scores": [0.82, 0.8125000000000002, 0.7925000000000001, 0.8000000000000002, 0.8200000000000001, 0.7825000000000001, 0.8125, 0.7925000000000001, 0.8275, 0.8035000000000002, 0.7649999999999999, 0.8275, 0.825, 0.8015000000000001, 0.7875000000000001, 0.7875000000000001, 0.8100000000000002, 0.8174999999999999, 0.8025, 0.8125]}