{"antiai_scores": [0.7852941176470588, 0.8111111111111111, 0.7725, 0.775, 0.7749999999999999, 0.7352941176470589, 0.78, 0.7526315789473683, 0.7138888888888889, 0.70625, 0.7555555555555555, 0.7666666666666666, 0.6808333333333333, 0.7666666666666666, 0.6222222222222222, 0.8055555555555556, 0.7335714285714285, 0.7305263157894737, 0.7675, 0.7925000000000001], "proai_scores": [0.7611111111111111, 0.7944444444444445, 0.8138888888888889, 0.8085000000000001, 0.7799999999999999, 0.7558823529411764, 0.7318181818181819, 0.6894736842105263, 0.753125, 0.7625, 0.7214285714285714, 0.781578947368421, 0.709375, 0.76, 0.796111111111111, 0.734375, 0.8325000000000001, 0.73125, 0.7574999999999998, 0.8027777777777778]}