{"normal_scores": [0.9992427587509155, 0.9991308093070984, 0.9990991503000259, 0.9977449715137482, 0.9992256611585617, 0.997969052195549, 0.9481893330812454, 0.9987804532051087, 0.9987583249807358, 0.9987225025892258, 0.9990195721387863, 0.998425903916359, 0.9985446989536285, 0.9990288466215134, 0.9987714469432831, 0.9520923644304276, 0.995235475897789, 0.9942148357629776, 0.9992673993110657, 0.9990498811006546], "alternative_scores": [0.9989466369152069, 0.9991587042808533, 0.9990960091352463, 0.9993400692939758, 0.8502197980880737, 0.9981152534484863, 0.9983072757720948, 0.999106165766716, 0.9986996859312057, 0.9490522652864456, 0.915641051530838, 0.9990378320217133, 0.9984407275915146, 0.9990296542644501, 0.999050858616829, 0.9993593722581864, 0.9984576314687729, 0.9983249753713608, 0.9991747528314591, 0.9990998804569244], "results_per_cat_excluded": {"misuse": [0.9952995598316192, 0.99915971159935, 0.9983947515487671, 0.9989735752344131, 0.9982071042060852, 0.9992223829030991, 0.9989581644535065, 0.9992758631706238, 0.9989464998245239, 0.9994361400604248, 0.997910788655281, 0.9987016886472702, 0.9989493548870086, 0.9990978181362152, 0.9990274786949158, 0.9487996965646743, 0.9796665102243424, 0.9989188820123672, 0.9991048306226731, 0.9987903565168381], "xrisk": [0.9947520196437836, 0.9988899916410446, 0.9985969573259353, 0.9982162028551101, 0.998244121670723, 0.97664874792099, 0.99515979886055, 0.9879976004362107, 0.9980204850435257, 0.9987758010625839, 0.9993070870637893, 0.992108890414238, 0.998520427942276, 0.9982250183820724, 0.996760630607605, 0.9950382143259049, 0.9974498838186264, 0.9938334554433823, 0.9983471423387528, 0.9934379637241364], "legislation": [0.9981107234954834, 0.9975460767745972, 0.9988868921995163, 0.997836348414421, 0.9975245624780655, 0.9975076586008071, 0.9478010028600693, 0.9990669935941696, 0.8892829954624176, 0.9978616535663605, 0.9994367778301239, 0.998584195971489, 0.9986717492341995, 0.9983773112297059, 0.9988489717245101, 0.9852191418409347, 0.9980977326631546, 0.9977305471897125, 0.9965707898139954, 0.9991061925888062], "scaling": [0.9928335279226304, 0.9990294814109802, 0.8959403783082962, 0.9490407228469848, 0.9979053944349289, 0.9988716810941696, 0.9985145598649978, 0.9987557262182236, 0.9480952531099319, 0.8496785074472427, 0.9167083233594895, 0.9943121522665024, 0.9991789907217026, 0.9720103919506073, 0.9985877364873886, 0.9951055258512497, 0.9961326956748963, 0.9965467154979706, 0.9992495715618134, 0.7479768842458725]}}