{"normal_scores": [0.999518996477127, 0.9995157867670059, 0.999399971961975, 0.9995382070541382, 0.9995770573616027, 0.9996543079614639, 0.9995114028453826, 0.9994547575712204, 0.9994893848896027, 0.999311912059784, 0.9991971671581268, 0.9991213917732239, 0.9993852376937866, 0.9992888033390045, 0.9995481610298157, 0.9974766850471497, 0.9994756132364273, 0.9996141225099564, 0.9992832124233246, 0.9994056552648545], "alternative_scores": [0.9993201792240143, 0.9996263951063156, 0.9991546243429184, 0.9996053099632263, 0.9994646936655045, 0.9993554800748825, 0.9995312541723251, 0.9993785142898559, 0.9989666491746902, 0.9995549947023392, 0.9994695067405701, 0.9995938748121261, 0.9993610769510269, 0.9994760423898696, 0.9994778573513031, 0.9995481669902802, 0.9995114594697952, 0.99958815574646, 0.9992831081151963, 0.9991876393556595], "results_per_cat_excluded": {"misuse": [0.9994305521249771, 0.9990075916051865, 0.9994656980037689, 0.9993562161922455, 0.9994803637266159, 0.9995183259248733, 0.999439287185669, 0.9996056318283081, 0.9992961078882218, 0.9996188282966614, 0.9995965898036957, 0.9995904296636582, 0.9995743036270142, 0.9996269971132279, 0.999320387840271, 0.9995864033699036, 0.9992923706769943, 0.9996831268072128, 0.9995392978191375, 0.999466997385025], "xrisk": [0.9995480328798294, 0.999561870098114, 0.9996669501066208, 0.9995104640722274, 0.9996469289064407, 0.9995584934949875, 0.9992861479520798, 0.9994567304849624, 0.999498039484024, 0.9995299369096756, 0.9995657563209533, 0.9995975077152253, 0.9995671272277832, 0.9993998169898987, 0.9994129031896591, 0.999222069978714, 0.9993870705366135, 0.99940624833107, 0.9994347482919693, 0.9992256343364716], "legislation": [0.9995493471622467, 0.9995152652263641, 0.9995931118726731, 0.9993290215730667, 0.999470192193985, 0.9986216336488724, 0.9994394391775131, 0.9993208974599839, 0.9995130985975266, 0.9993233948945999, 0.9994536280632019, 0.9993875831365585, 0.9994549095630646, 0.9994682490825653, 0.9994256347417831, 0.9993039697408677, 0.9989891052246094, 0.999557614326477, 0.999569907784462, 0.999447476863861], "scaling": [0.9994572311639786, 0.9995696008205414, 0.9988925457000732, 0.9994673579931259, 0.9996674925088882, 0.9994695544242859, 0.9996524333953858, 0.9995701491832734, 0.9995228707790375, 0.9994485914707184, 0.9994826436042785, 0.9995359182357788, 0.9996063828468322, 0.9995850205421448, 0.9993884772062301, 0.9994821041822434, 0.999595332145691, 0.999680632352829, 0.9994680732488632, 0.9989331752061844]}}