{"normal_scores": [0.999546754360199, 0.999477306008339, 0.9994066387414933, 0.9993789941072464, 0.9994551479816437, 0.9989925742149353, 0.9990280508995056, 0.99920853972435, 0.9995009452104568, 0.9992639273405075, 0.9994424819946289, 0.9997041791677475, 0.9990363359451294, 0.9994497269392013, 0.9996574521064758, 0.9994492173194885, 0.9984393239021301, 0.9991073340177536, 0.9996524572372436, 0.9994808822870255], "alternative_scores": [0.9995805531740188, 0.9996694505214692, 0.9995207190513611, 0.9996368527412415, 0.9990472465753555, 0.9994132161140442, 0.9995279103517533, 0.9996083796024322, 0.999453553557396, 0.9995727628469467, 0.9995426267385483, 0.999324768781662, 0.999482336640358, 0.9996500581502914, 0.9997279942035675, 0.9995237946510315, 0.9993752002716064, 0.9995180875062942, 0.9992948830127716, 0.9994265764951706], "results_per_cat_excluded": {"misuse": [0.9985343784093856, 0.9995389014482499, 0.9995897769927978, 0.9994697332382202, 0.9992154031991959, 0.9994735211133957, 0.9985817492008209, 0.9994530379772186, 0.9995458602905274, 0.9996017307043076, 0.9988762885332108, 0.9995745301246644, 0.9994597882032394, 0.9994882106781006, 0.9993563443422318, 0.9995560616254806, 0.9994773358106613, 0.9992389649152755, 0.999412453174591, 0.9994970083236694], "xrisk": [0.9994169890880584, 0.999379363656044, 0.9995136231184005, 0.9993952631950378, 0.9995668530464172, 0.9995730668306351, 0.9990594059228897, 0.9989551961421966, 0.9991592675447464, 0.9996787339448929, 0.9985763996839523, 0.9991608560085297, 0.9497463881969452, 0.9995495766401291, 0.9992465645074844, 0.999630919098854, 0.999281468987465, 0.9994776844978333, 0.9993556052446365, 0.9992848694324493], "legislation": [0.999491211771965, 0.9989458620548248, 0.9995315253734589, 0.9996277391910553, 0.9994620621204376, 0.9994376093149185, 0.9994950413703918, 0.9994814366102218, 0.9993086010217667, 0.9995294868946075, 0.9993863642215729, 0.9992600381374359, 0.9992770314216614, 0.9994145095348358, 0.9992715418338776, 0.9995543181896209, 0.9995112627744674, 0.9994054853916168, 0.9994758903980255, 0.9994248628616333], "scaling": [0.9992867469787597, 0.9993648916482926, 0.9995884209871292, 0.9987989068031311, 0.9994831472635269, 0.9988263607025146, 0.9993674755096436, 0.9990008771419525, 0.9993869483470916, 0.9970049619674682, 0.9996133089065552, 0.9990385472774506, 0.9976806670427323, 0.9990516126155853, 0.9993799537420273, 0.9993310153484345, 0.9965203940868378, 0.999588480591774, 0.9980456352233886, 0.9993845582008362]}}