{"normal_scores": [0.9996643662452698, 0.9997080951929093, 0.9997280657291412, 0.999700278043747, 0.9520813196897506, 0.9996830850839615, 0.9996872633695603, 0.9997293561697006, 0.999767678976059, 0.9997144162654876, 0.9996757626533508, 0.9996753960847855, 0.9997464418411255, 0.9997285097837448, 0.9997165977954865, 0.9995652496814728, 0.9996760159730911, 0.9997150063514709, 0.9997215300798417, 0.9997291266918182], "alternative_scores": [0.9997245520353317, 0.9997006297111511, 0.9996827155351639, 0.9997190922498703, 0.9997764945030212, 0.9997277706861496, 0.9997340977191925, 0.9997512638568878, 0.9997578471899032, 0.9997372180223465, 0.9997542411088943, 0.9996341973543167, 0.9996426820755004, 0.9996685355901718, 0.9997615784406662, 0.9996988773345947, 0.9997540146112442, 0.9997361570596695, 0.9996904522180557, 0.9997573137283325], "results_per_cat_excluded": {"misuse": [0.999726477265358, 0.9996494770050048, 0.9997226029634476, 0.9997356772422791, 0.999637770652771, 0.9996768474578858, 0.9997395128011703, 0.9997851967811584, 0.9997159838676453, 0.9997150719165802, 0.9996605962514877, 0.9996988624334335, 0.9997374176979065, 0.9996530294418335, 0.999690118432045, 0.9996629625558853, 0.9996886104345322, 0.9996966481208801, 0.9996453762054444, 0.9996468693017959], "xrisk": [0.9997392892837524, 0.9997484266757966, 0.9997221052646637, 0.9996474325656891, 0.9997689366340637, 0.9996012866497039, 0.9997755110263824, 0.9997255891561508, 0.9996973931789398, 0.999701789021492, 0.9997559636831284, 0.9997788459062577, 0.999727988243103, 0.9997502714395523, 0.999710950255394, 0.9996590316295624, 0.999693614244461, 0.9997606575489044, 0.9997551143169403, 0.99976886510849], "legislation": [0.9997041016817093, 0.9997240096330643, 0.9997522115707398, 0.9997346520423889, 0.9954769551753998, 0.9997335582971573, 0.9997059851884842, 0.9996528923511505, 0.9997422426939011, 0.9997400015592575, 0.9996620535850524, 0.9996802181005477, 0.9997244715690613, 0.9997194170951843, 0.9997704267501831, 0.9996576339006424, 0.9996535629034042, 0.9996852189302444, 0.9996379733085632, 0.9997113525867463], "scaling": [0.9997516095638275, 0.9996449887752533, 0.9996835589408875, 0.9520174235105514, 0.9997315675020217, 0.9997126489877701, 0.9996101349592209, 0.9997251212596894, 0.9997396409511566, 0.9997579038143158, 0.9997538268566132, 0.9997378438711166, 0.9997204005718231, 0.9996994376182556, 0.9997342348098754, 0.9995525032281876, 0.9997233539819718, 0.9995860069990158, 0.9997061192989349, 0.9997714281082153]}}