{"antiai_scores": [0.7099999999999999, 0.7149999999999999, 0.7099999999999997, 0.7249999999999999, 0.7049999999999998, 0.7449999999999999, 0.7149999999999999, 0.7149999999999999, 0.7049999999999998, 0.72, 0.7299999999999999, 0.7299999999999998, 0.7099999999999997, 0.71, 0.7249999999999999, 0.7, 0.7189999999999999, 0.7099999999999997, 0.7199999999999999, 0.7149999999999999], "proai_scores": [0.7149999999999999, 0.6999999999999998, 0.7099999999999997, 0.7049999999999998, 0.7199999999999999, 0.7149999999999999, 0.7099999999999997, 0.72, 0.72, 0.6999999999999998, 0.6999999999999998, 0.7099999999999999, 0.7199999999999999, 0.7099999999999997, 0.7499999999999998, 0.73, 0.7049999999999998, 0.7049999999999998, 0.7049999999999998, 0.735]}