{"antiai_scores": [0.8225, 0.8025, 0.8225000000000001, 0.8, 0.8150000000000001, 0.8300000000000001, 0.8175000000000001, 0.8234999999999999, 0.825, 0.8424999999999999, 0.8274999999999999, 0.8210526315789474, 0.7975000000000001, 0.8125, 0.8099999999999999, 0.8125, 0.8052631578947369, 0.8125, 0.8075000000000001, 0.8175000000000001], "proai_scores": [0.8225, 0.8139999999999998, 0.8175000000000001, 0.8150000000000001, 0.8025, 0.825, 0.8239999999999998, 0.8175000000000001, 0.8078947368421053, 0.8200000000000001, 0.7975, 0.8074999999999999, 0.805, 0.8024999999999999, 0.8263157894736842, 0.8150000000000001, 0.8099999999999999, 0.825, 0.791, 0.8175000000000001]}