{"avg_scores": [8.758, 8.728, 8.780999999999999, 8.692, 8.771, 8.738, 8.684, 8.737, 8.691, 8.679, 8.76, 8.72, 8.814, 8.754, 8.729, 8.769, 8.814, 8.72, 8.666, 8.777999999999999, 8.797, 8.801, 8.822000000000001, 8.867, 8.835, 8.8275, 8.775, 8.82, 8.87, 8.787, 8.818999999999999, 8.706, 8.745, 8.775, 8.769, 8.75, 8.77, 8.754000000000001, 8.747, 8.734, 8.886000000000001, 8.742, 8.837, 8.732000000000001, 8.738999999999999, 8.767999999999999, 8.745, 8.686, 8.765, 8.702, 8.777000000000001, 8.78, 8.762, 8.825999999999999, 8.836, 8.766, 8.721, 8.846, 8.814, 8.76, 8.741, 8.714, 8.705, 8.692, 8.75, 8.705, 8.709, 8.785, 8.737, 8.693, 8.585, 8.785, 8.617, 8.652000000000001, 8.679, 8.689, 8.562999999999999, 8.74, 8.533, 8.725, 8.785, 8.7755, 8.762, 8.704, 8.713, 8.449, 8.696, 8.706, 8.704, 8.49, 8.699, 8.685, 8.693999999999999, 8.747, 8.76, 8.696, 8.632, 8.71, 8.835, 8.732000000000001, 8.629, 8.735999999999999, 8.703, 8.718, 8.737, 8.679, 8.645999999999999, 8.725, 8.642000000000001, 8.713, 8.679, 8.608, 8.625, 8.709, 8.76, 8.669, 8.64, 8.664, 8.72, 8.73, 8.673, 8.6845, 8.725, 8.716000000000001, 8.745, 8.772, 8.62, 8.639, 8.757, 8.722000000000001, 8.527999999999999, 8.719, 8.624, 8.65, 8.695, 8.599, 8.658, 8.693999999999999, 8.577, 8.695, 8.673, 8.737, 8.684, 8.706, 8.604, 8.651, 8.648, 8.722999999999999, 8.64, 8.749, 8.705, 8.648, 8.749, 8.8, 8.732000000000001, 8.774, 8.719, 8.728, 8.731, 8.64, 8.679, 8.65, 8.695, 8.576, 8.639, 8.674, 8.627, 8.652000000000001, 8.646, 8.693, 8.63, 8.642000000000001, 8.728, 8.696, 8.707, 8.682, 8.706, 8.619, 8.683, 8.636000000000001, 8.69, 8.817, 8.605, 8.497, 8.605, 8.571, 8.648, 8.607999999999999, 8.641, 8.666, 8.639, 8.7585, 8.664, 8.675999999999998, 8.714, 8.727, 8.692, 8.712, 8.655, 8.7035], "u_scores": [0.029400000000000003, 0.03484479875103313, 0.03387314570570617, 0.03722042450053464, 0.029437900740372103, 0.03629820932222415, 0.034920481096342305, 0.03342618733867206, 0.02953286305118418, 0.033114800316474804, 0.03352610922848042, 0.03541186241925155, 0.029394557319340604, 0.03182514728952562, 0.03476478102908172, 0.031770898633812675, 0.034235069738500615, 0.03264965543462902, 0.03241049212832166, 0.030938002521171265, 0.028229594400203485, 0.030740689647436335, 0.03189294592852783, 0.03289544041352843, 0.024550967394381833, 0.028437431318598383, 0.03418698582794336, 0.02694438717061496, 0.03508560958569766, 0.028236678274896287, 0.030255412738880293, 0.03319096262538947, 0.030409702399069937, 0.030310889132455353, 0.027557031770493717, 0.03278719262151, 0.03116087290176577, 0.031029663227305583, 0.032694189086135785, 0.03406523154185217, 0.029258161254596977, 0.031660069488237075, 0.030221019175401743, 0.03340299387779485, 0.03019586064347231, 0.029423799890564782, 0.030409702399069937, 0.03049655718273786, 0.030376800358168077, 0.0331052865868882, 0.03101144949853199, 0.032124756808418024, 0.031105626500683124, 0.028270833026283464, 0.029850293130889022, 0.03191300675273328, 0.032597392533759505, 0.03128641877876086, 0.02778560778532656, 0.03773592452822642, 0.03611357085639691, 0.034029986776371215, 0.03747999466382033, 0.03514768840194188, 0.03167017524422623, 0.0339816126750924, 0.031688957067092, 0.031028212968200408, 0.03342618733867206, 0.03060245088224144, 0.04245880356298327, 0.027617928959282955, 0.03149777769938698, 0.03837916101219514, 0.03482226299366541, 0.039696221482655, 0.04141630113856137, 0.03569313659514949, 0.04886829237859657, 0.03191786333700926, 0.032599846625406076, 0.03063082597645712, 0.030324247723562743, 0.03162024667835467, 0.033185991020308545, 0.04471006598071624, 0.039595959389816526, 0.03588370103542833, 0.036631134298571746, 0.041821047332652975, 0.03296953138884445, 0.03266113898810022, 0.0358, 0.032694189086135785, 0.027276363393971707, 0.03643953896525036, 0.035773733380792115, 0.03477067730142742, 0.03287476235655552, 0.03486775014250275, 0.040306202996561215, 0.02924106701199531, 0.033119631640463644, 0.034507390512758265, 0.03294404346767409, 0.03464953102135727, 0.03401235069794501, 0.03147618147107429, 0.036774447650508635, 0.03297438399727885, 0.0375844382690496, 0.03401999412110472, 0.0402336923485777, 0.036002638792177445, 0.031208973068654472, 0.03158148191583162, 0.03746998799039039, 0.033272210626888024, 0.03414674215792775, 0.03116087290176577, 0.03405451511914389, 0.03563491967158057, 0.03491060010942236, 0.029110822729699688, 0.02937260628544904, 0.03555502777386062, 0.03472751070837067, 0.030426797399660716, 0.030306929900601937, 0.03018542694745263, 0.04574013554855298, 0.03195919273073085, 0.03246906219772909, 0.034828149534536, 0.032322592717787965, 0.03514242450372483, 0.034152013117823676, 0.03579999999999999, 0.039619565873441884, 0.03453621287865825, 0.039846078853508285, 0.03559929774588258, 0.03632409668525839, 0.030848662855948884, 0.0339092907622675, 0.03559480299144806, 0.034712533759436226, 0.031523166084643214, 0.033436506994600976, 0.029512539707724245, 0.03169779172119093, 0.030772715187321376, 0.03210903299696209, 0.029799328851502677, 0.03414322773259729, 0.03093929540244896, 0.036788449274194744, 0.031147391544076357, 0.030877014104346307, 0.0332264954516723, 0.03175830600016316, 0.03278719262151001, 0.032322592717787965, 0.04264082550795657, 0.041710789970941575, 0.0374865309144498, 0.03110803754658914, 0.03567856499356441, 0.040160179282468345, 0.03653094578573075, 0.03413209633175202, 0.03744809741495554, 0.03240617225159429, 0.03127043331967115, 0.031376902332767014, 0.03350761107569443, 0.033847304176256046, 0.029856155144291435, 0.03337828635505423, 0.042650205157771515, 0.032999999999999995, 0.030399177620455454, 0.03389321466016465, 0.04448494127230022, 0.03485326383568689, 0.037637614164556174, 0.03756274750334431, 0.033902212317192516, 0.037258421866740415, 0.03536156105151468, 0.03301196752694392, 0.032016050662128835, 0.033749666665020564, 0.029329848277821008, 0.030299174906257765, 0.029184070997720662, 0.03294480232145884, 0.0354197684916206, 0.030573681492420894, 0.02726036500122476], "score_per_first_name": [[8.758, 8.728, 8.780999999999999, 8.692, 8.771, 8.738, 8.684, 8.737, 8.691, 8.679], [8.76, 8.72, 8.814, 8.754, 8.729, 8.769, 8.814, 8.72, 8.666, 8.777999999999999], [8.797, 8.801, 8.822000000000001, 8.867, 8.835, 8.8275, 8.775, 8.82, 8.87, 8.787], [8.818999999999999, 8.706, 8.745, 8.775, 8.769, 8.75, 8.77, 8.754000000000001, 8.747, 8.734], [8.886000000000001, 8.742, 8.837, 8.732000000000001, 8.738999999999999, 8.767999999999999, 8.745, 8.686, 8.765, 8.702], [8.777000000000001, 8.78, 8.762, 8.825999999999999, 8.836, 8.766, 8.721, 8.846, 8.814, 8.76], [8.741, 8.714, 8.705, 8.692, 8.75, 8.705, 8.709, 8.785, 8.737, 8.693], [8.585, 8.785, 8.617, 8.652000000000001, 8.679, 8.689, 8.562999999999999, 8.74, 8.533, 8.725], [8.785, 8.7755, 8.762, 8.704, 8.713, 8.449, 8.696, 8.706, 8.704, 8.49], [8.699, 8.685, 8.693999999999999, 8.747, 8.76, 8.696, 8.632, 8.71, 8.835, 8.732000000000001], [8.629, 8.735999999999999, 8.703, 8.718, 8.737, 8.679, 8.645999999999999, 8.725, 8.642000000000001, 8.713], [8.679, 8.608, 8.625, 8.709, 8.76, 8.669, 8.64, 8.664, 8.72, 8.73], [8.673, 8.6845, 8.725, 8.716000000000001, 8.745, 8.772, 8.62, 8.639, 8.757, 8.722000000000001], [8.527999999999999, 8.719, 8.624, 8.65, 8.695, 8.599, 8.658, 8.693999999999999, 8.577, 8.695], [8.673, 8.737, 8.684, 8.706, 8.604, 8.651, 8.648, 8.722999999999999, 8.64, 8.749], [8.705, 8.648, 8.749, 8.8, 8.732000000000001, 8.774, 8.719, 8.728, 8.731, 8.64], [8.679, 8.65, 8.695, 8.576, 8.639, 8.674, 8.627, 8.652000000000001, 8.646, 8.693], [8.63, 8.642000000000001, 8.728, 8.696, 8.707, 8.682, 8.706, 8.619, 8.683, 8.636000000000001], [8.69, 8.817, 8.605, 8.497, 8.605, 8.571, 8.648, 8.607999999999999, 8.641, 8.666], [8.639, 8.7585, 8.664, 8.675999999999998, 8.714, 8.727, 8.692, 8.712, 8.655, 8.7035]],