{"antiai_scores": [0.999546754360199, 0.9995356857776642, 0.998524722456932, 0.999573540687561, 0.9982774555683136, 0.9990452706813813, 0.9967609852552414, 0.999322310090065, 0.9992639273405075, 0.9996606141328812, 0.9997041791677475, 0.9993093997240067, 0.9994602143764496, 0.9993275463581085, 0.9995001435279847, 0.9995961040258408, 0.9990218192338943, 0.9992191880941391, 0.9996142864227295, 0.9995978981256485], "proai_scores": [0.9995207190513611, 0.9996368527412415, 0.9990472465753555, 0.9995751529932022, 0.9994944751262664, 0.999453553557396, 0.9995727628469467, 0.9993502825498581, 0.9995929360389709, 0.999432110786438, 0.9994217962026596, 0.9996164351701736, 0.9995572805404663, 0.9995180875062942, 0.9993169933557511, 0.9497827261686325, 0.9996113270521164, 0.9995492070913314, 0.9987746596336364, 0.9996389895677567]}