{
  "mf-gpt-3.5-turbo-direct": {
    "male": {
      "mean": 0.8604950525760444,
      "2-sigma-u": 0.001640173605833483
    },
    "female": {
      "mean": 0.8636465380291447,
      "2-sigma-u": 0.0013568672979521136
    }
  },
  "gpt-3.5-turbo-fabien-direct": {
    "normal": {
      "mean": 0.8198000000000001,
      "2-sigma-u": 0.004603476946830519
    },
    "alternative": {
      "mean": 0.8207855263157894,
      "2-sigma-u": 0.004612735704402568
    },
    "misuse": {
      "mean": 0.8156749999999999,
      "2-sigma-u": 0.005160559562683101
    },
    "xrisk": {
      "mean": 0.8160723684210527,
      "2-sigma-u": 0.005757412270511075
    },
    "legislation": {
      "mean": 0.819817105263158,
      "2-sigma-u": 0.005351390006344136
    },
    "scaling": {
      "mean": 0.8191157894736841,
      "2-sigma-u": 0.004200895894424113
    },
    "Anti-AI": {
      "mean": 0.8162407894736841,
      "2-sigma-u": 0.004819646535642601
    },
    "Pro-AI": {
      "mean": 0.8131605263157896,
      "2-sigma-u": 0.004323029709888215
    }
  },
  "gpt-3.5-turbo-minimal-direct": {
    "normal": {
      "mean": 0.756382857879994,
      "2-sigma-u": 0.011144778742235004
    },
    "alternative": {
      "mean": 0.7681838153762302,
      "2-sigma-u": 0.012025235486859086
    },
    "misuse": {
      "mean": 0.7552983890013497,
      "2-sigma-u": 0.018437182336467413
    },
    "xrisk": {
      "mean": 0.7504823692647223,
      "2-sigma-u": 0.019905296277071563
    },
    "legislation": {
      "mean": 0.7544396117298594,
      "2-sigma-u": 0.015636717886613284
    },
    "scaling": {
      "mean": 0.7668408045235638,
      "2-sigma-u": 0.010787153565763326
    },
    "Anti-AI": {
      "mean": 0.7514283779301194,
      "2-sigma-u": 0.019642454152778488
    },
    "Pro-AI": {
      "mean": 0.7638820035550105,
      "2-sigma-u": 0.016363714373781067
    }
  },
  "mf-gpt-4-direct": {
    "male": {
      "mean": 0.8678145,
      "2-sigma-u": 0.0011017888137025216
    },
    "female": {
      "mean": 0.873817,
      "2-sigma-u": 0.0014449852732813615
    }
  },
  "gpt-4-fabien-direct": {
    "normal": {
      "mean": 0.7981,
      "2-sigma-u": 0.009795304997803794
    },
    "alternative": {
      "mean": 0.797925,
      "2-sigma-u": 0.009050214085865588
    },
    "misuse": {
      "mean": 0.8039250000000001,
      "2-sigma-u": 0.00988338884189021
    },
    "xrisk": {
      "mean": 0.790725,
      "2-sigma-u": 0.010632844163251897
    },
    "legislation": {
      "mean": 0.80935,
      "2-sigma-u": 0.007219799166181826
    },
    "scaling": {
      "mean": 0.7977000000000001,
      "2-sigma-u": 0.009262667002543044
    },
    "Anti-AI": {
      "mean": 0.8065000000000001,
      "2-sigma-u": 0.0070632853545641245
    },
    "Pro-AI": {
      "mean": 0.805,
      "2-sigma-u": 0.007272894884432191
    }
  },
  "gpt-4-minimal-direct": {
    "normal": {
      "mean": 0.7154999999999998,
      "2-sigma-u": 0.006119640512317712
    },
    "alternative": {
      "mean": 0.7082499999999998,
      "2-sigma-u": 0.005580098565437713
    },
    "misuse": {
      "mean": 0.7147499999999998,
      "2-sigma-u": 0.005893852729751583
    },
    "xrisk": {
      "mean": 0.71925,
      "2-sigma-u": 0.006938119341723685
    },
    "legislation": {
      "mean": 0.71675,
      "2-sigma-u": 0.008923984536069096
    },
    "scaling": {
      "mean": 0.7097499999999998,
      "2-sigma-u": 0.004106397447885447
    },
    "Anti-AI": {
      "mean": 0.7166999999999999,
      "2-sigma-u": 0.0045915139115546635
    },
    "Pro-AI": {
      "mean": 0.7142499999999998,
      "2-sigma-u": 0.00558009856543772
    }
  },
  "mf-gpt-3.5-turbo-sentiment": {
    "male": {
      "mean": 0.9996518121004107,
      "2-sigma-u": 6.177499279427875e-06
    },
    "female": {
      "mean": 0.9996540625035764,
      "2-sigma-u": 6.614736799102039e-06
    }
  },
  "gpt-3.5-turbo-fabien-sentiment": {
    "normal": {
      "mean": 0.9993383917212487,
      "2-sigma-u": 0.0002003899165017925
    },
    "alternative": {
      "mean": 0.999422749131918,
      "2-sigma-u": 7.547368910114607e-05
    },
    "misuse": {
      "mean": 0.9994747753441333,
      "2-sigma-u": 6.9701708979737e-05
    },
    "xrisk": {
      "mean": 0.9994741238653659,
      "2-sigma-u": 5.554476213765363e-05
    },
    "legislation": {
      "mean": 0.9993866740167141,
      "2-sigma-u": 9.782658918546385e-05
    },
    "scaling": {
      "mean": 0.9994737793505191,
      "2-sigma-u": 9.05656306947368e-05
    },
    "Anti-AI": {
      "mean": 0.9994315476715565,
      "2-sigma-u": 6.564252715610397e-05
    },
    "Pro-AI": {
      "mean": 0.9994370086491109,
      "2-sigma-u": 6.907266250626014e-05
    }
  },
  "gpt-3.5-turbo-minimal-sentiment": {
    "normal": {
      "mean": 0.993525672107935,
      "2-sigma-u": 0.006498751383954541
    },
    "alternative": {
      "mean": 0.9847829300165177,
      "2-sigma-u": 0.016594966576023953
    },
    "misuse": {
      "mean": 0.9952420578897,
      "2-sigma-u": 0.005126203616141359
    },
    "xrisk": {
      "mean": 0.995416522026062,
      "2-sigma-u": 0.0022990187556352192
    },
    "legislation": {
      "mean": 0.9896034158766268,
      "2-sigma-u": 0.011446549867556196
    },
    "scaling": {
      "mean": 0.9622237110137938,
      "2-sigma-u": 0.02855865101049609
    },
    "Anti-AI": {
      "mean": 0.9955179381370545,
      "2-sigma-u": 0.005637819672766796
    },
    "Pro-AI": {
      "mean": 0.9726854783296585,
      "2-sigma-u": 0.021907350971660876
    }
  },
  "mf-gpt-4-sentiment": {
    "male": {
      "mean": 0.9994427799344063,
      "2-sigma-u": 0.00031451308006706327
    },
    "female": {
      "mean": 0.9995180914759638,
      "2-sigma-u": 0.000317479797673423
    }
  },
  "gpt-4-fabien-sentiment": {
    "normal": {
      "mean": 0.997320678085089,
      "2-sigma-u": 0.004641495651585189
    },
    "alternative": {
      "mean": 0.9997204865515231,
      "2-sigma-u": 1.759510302101574e-05
    },
    "misuse": {
      "mean": 0.9996942554414273,
      "2-sigma-u": 1.7511591167743944e-05
    },
    "xrisk": {
      "mean": 0.9997244530916214,
      "2-sigma-u": 2.0494533132285457e-05
    },
    "legislation": {
      "mean": 0.9994934469461441,
      "2-sigma-u": 0.00041240784564020554
    },
    "scaling": {
      "mean": 0.9973179876804352,
      "2-sigma-u": 0.0046478119013758775
    },
    "Anti-AI": {
      "mean": 0.9997010657191276,
      "2-sigma-u": 2.5413990700780058e-05
    },
    "Pro-AI": {
      "mean": 0.9972321730852126,
      "2-sigma-u": 0.004689633591103727
    }
  },
  "gpt-4-minimal-sentiment": {
    "normal": {
      "mean": 0.999333913475275,
      "2-sigma-u": 0.0001299993163660948
    },
    "alternative": {
      "mean": 0.9994948485493662,
      "2-sigma-u": 6.76453661154025e-05
    },
    "misuse": {
      "mean": 0.9993470539152621,
      "2-sigma-u": 0.0001382402236599078
    },
    "xrisk": {
      "mean": 0.99685040473938,
      "2-sigma-u": 0.0048341115429451
    },
    "legislation": {
      "mean": 0.9994145940244197,
      "2-sigma-u": 6.478629954970785e-05
    },
    "scaling": {
      "mean": 0.9988871455192566,
      "2-sigma-u": 0.00038476195933447277
    },
    "Anti-AI": {
      "mean": 0.9991931022703648,
      "2-sigma-u": 0.0002973506399708354
    },
    "Pro-AI": {
      "mean": 0.9969731797277926,
      "2-sigma-u": 0.00484252089626479
    }
  },
  "mfant-gpt-3.5-turbo-direct": {
    "male": {
      "mean": 0.7043832912801483,
      "2-sigma-u": 0.007446373742870244
    },
    "female": {
      "mean": 0.7236385758390412,
      "2-sigma-u": 0.006061127736429559
    }
  },
  "mfant-gpt-4-direct": {
    "male": {
      "mean": 0.6646688888888889,
      "2-sigma-u": 0.01082517626020343
    },
    "female": {
      "mean": 0.6839391111111112,
      "2-sigma-u": 0.008770951633591014
    }
  },
  "mfant-gpt-3.5-turbo-sentiment": {
    "male": {
      "mean": 0.3640734632094701,
      "2-sigma-u": 0.030485818729783832
    },