{
  "gpt-3.5-turbo-fabien-direct": {
    "Anti-AI": {
      "mean": 0.8162407894736841,
      "2-sigma-u": 0.004819646535642601
    },
    "Pro-AI": { "mean": 0.8131605263157896, "2-sigma-u": 0.004323029709888215 }
  },
  "gpt-3.5-turbo-minimal-direct": {
    "Anti-AI": {
      "mean": 0.7514283779301194,
      "2-sigma-u": 0.019642454152778488
    },
    "Pro-AI": { "mean": 0.7638820035550105, "2-sigma-u": 0.016363714373781067 }
  },
  "gpt-4-fabien-direct": {
    "Anti-AI": {
      "mean": 0.8065000000000001,
      "2-sigma-u": 0.0070632853545641245
    },
    "Pro-AI": { "mean": 0.805, "2-sigma-u": 0.007272894884432191 }
  },
  "gpt-4-minimal-direct": {
    "Anti-AI": {
      "mean": 0.7166999999999999,
      "2-sigma-u": 0.0045915139115546635
    },
    "Pro-AI": { "mean": 0.7142499999999998, "2-sigma-u": 0.00558009856543772 }
  },
  "gpt-3.5-turbo-fabien-sentiment": {
    "Anti-AI": {
      "mean": 0.9994315476715565,
      "2-sigma-u": 6.564252715610397e-5
    },
    "Pro-AI": { "mean": 0.9994370086491109, "2-sigma-u": 6.907266250626014e-5 }
  },
  "gpt-3.5-turbo-minimal-sentiment": {
    "Anti-AI": {
      "mean": 0.9955179381370545,
      "2-sigma-u": 0.005637819672766796
    },
    "Pro-AI": { "mean": 0.9726854783296585, "2-sigma-u": 0.021907350971660876 }
  },
  "gpt-4-fabien-sentiment": {
    "Anti-AI": {
      "mean": 0.9997010657191276,
      "2-sigma-u": 2.5413990700780058e-5
    },
    "Pro-AI": { "mean": 0.9972321730852126, "2-sigma-u": 0.004689633591103727 }
  },
  "gpt-4-minimal-sentiment": {
    "Anti-AI": {
      "mean": 0.9991931022703648,
      "2-sigma-u": 0.0002973506399708354
    },
    "Pro-AI": { "mean": 0.9969731797277926, "2-sigma-u": 0.00484252089626479 }
  }
}
